apple,0.99,http://www.google.com
banana,0.59,http://www.openai.com
chair,49.99,http://www.reddit.com
book,12.99,http://www.google.com
shoes,29.99,http://www.openai.com
lamp,19.99,http://www.reddit.com
pen,1.49,http://www.google.com
shirt,14.99,http://www.openai.com
table,79.99,http://www.reddit.com
phone,599.99,http://www.google.com
keyboard,49.99,http://www.openai.com
carrot,2.99,http://www.facebook.com
couch,299.99,http://www.reddit.com
nestodrugo,300.00,http://www.reddit.com
headphones,149.99,http://www.google.com
camera,399.99,http://www.openai.com
mirror,34.99,http://www.reddit.com
watch,199.99,http://www.google.com
hat,9.99,http://www.openai.com
guitar,199.99,http://www.reddit.com
backpack,39.99,http://www.google.com
apple,1.49,http://www.openai.com
apple,1.99,http://www.reddit.com
carrot,2.99,http://www.facebook.com